-- phpMyAdmin SQL Dump
-- version 4.9.0.1
-- https://www.phpmyadmin.net/
--
-- Host: 127.0.0.1
-- Generation Time: Oct 03, 2019 at 07:02 AM
-- Server version: 10.4.6-MariaDB
-- PHP Version: 7.3.8

SET SQL_MODE = "NO_AUTO_VALUE_ON_ZERO";
SET AUTOCOMMIT = 0;
START TRANSACTION;
SET time_zone = "+00:00";


/*!40101 SET @OLD_CHARACTER_SET_CLIENT=@@CHARACTER_SET_CLIENT */;
/*!40101 SET @OLD_CHARACTER_SET_RESULTS=@@CHARACTER_SET_RESULTS */;
/*!40101 SET @OLD_COLLATION_CONNECTION=@@COLLATION_CONNECTION */;
/*!40101 SET NAMES utf8mb4 */;

--
-- Database: `absensi`
--

-- --------------------------------------------------------

--
-- Table structure for table `absenguru`
--

CREATE TABLE `absenguru` (
  `id` int(11) NOT NULL,
  `tanggal` date NOT NULL,
  `guru_id` int(11) NOT NULL,
  `alasan` varchar(50) NOT NULL,
  `keterangan` varchar(50) NOT NULL
) ENGINE=InnoDB DEFAULT CHARSET=latin1;

--
-- Dumping data for table `absenguru`
--

INSERT INTO `absenguru` (`id`, `tanggal`, `guru_id`, `alasan`, `keterangan`) VALUES
(1, '2019-09-13', 1, 'rapat', 'Ada Tugas'),
(2, '2019-09-13', 3, 'alfa', 'Tidak Ada Tugas');

-- --------------------------------------------------------

--
-- Table structure for table `absens`
--

CREATE TABLE `absens` (
  `id` int(10) UNSIGNED NOT NULL,
  `tanggal` date NOT NULL,
  `jam_masuk` time DEFAULT NULL,
  `jam_pulang` time DEFAULT NULL,
  `keterangan` varchar(50) COLLATE utf8mb4_unicode_ci DEFAULT NULL,
  `siswa_id` int(10) NOT NULL,
  `kelas_id` int(11) NOT NULL,
  `created_at` timestamp NULL DEFAULT NULL,
  `updated_at` timestamp NULL DEFAULT NULL
) ENGINE=InnoDB DEFAULT CHARSET=utf8mb4 COLLATE=utf8mb4_unicode_ci;

--
-- Dumping data for table `absens`
--

INSERT INTO `absens` (`id`, `tanggal`, `jam_masuk`, `jam_pulang`, `keterangan`, `siswa_id`, `kelas_id`, `created_at`, `updated_at`) VALUES
(1, '2019-08-29', '07:47:13', NULL, 'sakit', 1, 7, '2019-08-29 00:47:13', '2019-08-29 00:47:13'),
(2, '2019-08-29', '07:52:13', NULL, 'alfa', 37, 6, '2019-08-29 00:52:13', '2019-08-29 00:52:13'),
(3, '2019-08-29', '07:59:30', NULL, 'izin', 35, 6, '2019-08-29 00:59:30', '2019-08-29 00:59:30'),
(4, '2019-08-29', '08:00:20', NULL, 'sakit', 54, 6, '2019-08-29 01:00:20', '2019-08-29 01:00:20'),
(5, '2019-08-29', '08:00:38', NULL, 'hadir', 52, 6, '2019-08-29 01:00:38', '2019-08-29 01:00:38'),
(6, '2019-08-29', '08:01:34', NULL, 'hadir', 42, 6, '2019-08-29 01:01:34', '2019-08-29 01:01:34'),
(7, '2019-08-29', '06:02:13', NULL, 'hadir', 45, 6, '2019-08-28 23:02:13', '2019-08-28 23:02:13'),
(8, '2019-08-29', '06:02:14', NULL, 'hadir', 64, 6, '2019-08-28 23:02:14', '2019-08-28 23:02:14'),
(9, '2019-08-29', '06:03:03', NULL, 'hadir', 40, 6, '2019-08-28 23:03:03', '2019-08-28 23:03:03'),
(10, '2019-08-29', '06:03:38', NULL, 'hadir', 47, 6, '2019-08-28 23:03:38', '2019-08-28 23:03:38'),
(11, '2019-08-29', '06:04:45', NULL, 'hadir', 66, 6, '2019-08-28 23:04:45', '2019-08-28 23:04:45'),
(12, '2019-08-29', '06:05:36', NULL, 'hadir', 40, 6, '2019-08-28 23:05:36', '2019-08-28 23:05:36'),
(13, '2019-08-31', '07:38:17', NULL, 'hadir', 101, 8, '2019-08-31 00:38:17', '2019-08-31 00:38:17'),
(14, '2019-08-31', '07:39:45', NULL, 'hadir', 93, 8, '2019-08-31 00:39:45', '2019-08-31 00:39:45'),
(15, '2019-08-31', '07:41:27', NULL, 'hadir', 77, 8, '2019-08-31 00:41:27', '2019-08-31 00:41:27'),
(16, '2019-08-31', '07:41:46', NULL, 'hadir', 35, 6, '2019-08-31 00:41:46', '2019-08-31 00:41:46'),
(17, '2019-08-31', '07:43:12', NULL, 'hadir', 79, 8, '2019-08-31 00:43:12', '2019-08-31 00:43:12'),
(18, '2019-08-31', '07:43:15', NULL, 'hadir', 78, 8, '2019-08-31 00:43:15', '2019-08-31 00:43:15'),
(19, '2019-08-31', '07:44:04', NULL, 'hadir', 95, 8, '2019-08-31 00:44:04', '2019-08-31 00:44:04'),
(20, '2019-08-31', '07:44:09', NULL, 'hadir', 52, 6, '2019-08-31 00:44:09', '2019-08-31 00:44:09'),
(21, '2019-08-31', '07:44:49', NULL, 'hadir', 15, 7, '2019-08-31 00:44:49', '2019-08-31 00:44:49'),
(22, '2019-08-31', '07:45:36', NULL, 'hadir', 97, 8, '2019-08-31 00:45:36', '2019-08-31 00:45:36'),
(23, '2019-08-31', '07:45:51', NULL, 'hadir', 37, 6, '2019-08-31 00:45:51', '2019-08-31 00:45:51'),
(24, '2019-08-31', '07:46:26', NULL, 'hadir', 30, 7, '2019-08-31 00:46:26', '2019-08-31 00:46:26'),
(25, '2019-08-31', '07:47:59', NULL, 'hadir', 92, 8, '2019-08-31 00:47:59', '2019-08-31 00:47:59'),
(26, '2019-08-31', '07:48:01', NULL, 'hadir', 40, 6, '2019-08-31 00:48:01', '2019-08-31 00:48:01'),
(27, '2019-08-31', '07:48:24', NULL, 'hadir', 24, 7, '2019-08-31 00:48:24', '2019-08-31 00:48:24'),
(28, '2019-08-31', '07:48:32', NULL, 'hadir', 10, 7, '2019-08-31 00:48:32', '2019-08-31 00:48:32'),
(29, '2019-08-31', '07:48:42', NULL, 'hadir', 13, 7, '2019-08-31 00:48:42', '2019-08-31 00:48:42'),
(30, '2019-08-31', '07:08:09', NULL, 'hadir', 72, 8, '2019-08-31 00:08:09', '2019-08-31 00:08:09'),
(31, '2019-08-31', '07:20:15', NULL, 'hadir', 114, 5, '2019-08-31 00:20:15', '2019-08-31 00:20:15'),
(32, '2019-08-31', '07:26:55', NULL, 'hadir', 1, 7, '2019-08-31 00:26:55', '2019-08-31 00:26:55'),
(33, '2019-08-31', '07:29:24', NULL, 'hadir', 23, 7, '2019-08-31 00:29:24', '2019-08-31 00:29:24'),
(34, '2019-08-31', '07:29:53', NULL, 'hadir', 8, 7, '2019-08-31 00:29:53', '2019-08-31 00:29:53'),
(35, '2019-09-03', '07:54:24', NULL, 'hadir', 24, 7, '2019-09-03 00:54:24', '2019-09-03 00:54:24'),
(36, '2019-09-03', '07:54:28', NULL, 'hadir', 24, 7, '2019-09-03 00:54:28', '2019-09-03 00:54:28'),
(37, '2019-09-03', '07:54:57', NULL, 'hadir', 5, 7, '2019-09-03 00:54:57', '2019-09-03 00:54:57'),
(38, '2019-09-03', '07:57:59', NULL, 'hadir', 4, 7, '2019-09-03 00:57:59', '2019-09-03 00:57:59'),
(39, '2019-09-03', '07:58:56', NULL, 'hadir', 29, 7, '2019-09-03 00:58:56', '2019-09-03 00:58:56'),
(40, '2019-09-03', '08:02:34', NULL, 'hadir', 30, 7, '2019-09-03 01:02:34', '2019-09-03 01:02:34'),
(41, '2019-09-03', '08:03:42', NULL, 'hadir', 23, 7, '2019-09-03 01:03:42', '2019-09-03 01:03:42'),
(42, '2019-09-04', '07:09:55', NULL, 'hadir', 49, 6, '2019-09-04 00:09:55', '2019-09-04 00:09:55'),
(43, '2019-09-04', '07:10:13', NULL, 'hadir', 55, 6, '2019-09-04 00:10:13', '2019-09-04 00:10:13'),
(44, '2019-09-04', '07:10:20', NULL, 'hadir', 59, 6, '2019-09-04 00:10:20', '2019-09-04 00:10:20'),
(45, '2019-09-04', '07:10:27', NULL, 'hadir', 48, 6, '2019-09-04 00:10:27', '2019-09-04 00:10:27'),
(46, '2019-09-04', '07:11:14', NULL, 'hadir', 51, 6, '2019-09-04 00:11:14', '2019-09-04 00:11:14'),
(47, '2019-09-04', '07:11:39', NULL, 'hadir', 58, 6, '2019-09-04 00:11:39', '2019-09-04 00:11:39'),
(48, '2019-09-04', '07:11:59', NULL, 'hadir', 61, 6, '2019-09-04 00:11:59', '2019-09-04 00:11:59'),
(49, '2019-09-04', '07:12:16', NULL, 'hadir', 53, 6, '2019-09-04 00:12:16', '2019-09-04 00:12:16'),
(50, '2019-09-04', '07:12:46', NULL, 'hadir', 46, 6, '2019-09-04 00:12:46', '2019-09-04 00:12:46'),
(51, '2019-09-04', '07:12:48', NULL, 'hadir', 67, 6, '2019-09-04 00:12:48', '2019-09-04 00:12:48'),
(52, '2019-09-04', '07:13:01', NULL, 'hadir', 56, 6, '2019-09-04 00:13:01', '2019-09-04 00:13:01'),
(53, '2019-09-04', '07:13:24', NULL, 'hadir', 58, 6, '2019-09-04 00:13:24', '2019-09-04 00:13:24'),
(54, '2019-09-04', '07:14:09', NULL, 'hadir', 50, 6, '2019-09-04 00:14:09', '2019-09-04 00:14:09'),
(55, '2019-09-04', '07:14:19', NULL, 'hadir', 60, 6, '2019-09-04 00:14:19', '2019-09-04 00:14:19'),
(56, '2019-09-04', '07:15:04', NULL, 'hadir', 57, 6, '2019-09-04 00:15:04', '2019-09-04 00:15:04'),
(57, '2019-09-04', '07:15:48', NULL, 'hadir', 64, 6, '2019-09-04 00:15:48', '2019-09-04 00:15:48'),
(58, '2019-09-04', '07:15:52', NULL, 'hadir', 52, 6, '2019-09-04 00:15:52', '2019-09-04 00:15:52'),
(59, '2019-09-04', '07:16:44', NULL, 'hadir', 47, 6, '2019-09-04 00:16:44', '2019-09-04 00:16:44'),
(60, '2019-09-04', '07:17:20', NULL, 'hadir', 54, 6, '2019-09-04 00:17:20', '2019-09-04 00:17:20'),
(61, '2019-09-04', '07:17:55', NULL, 'hadir', 62, 6, '2019-09-04 00:17:55', '2019-09-04 00:17:55'),
(62, '2019-09-04', '07:20:50', NULL, 'hadir', 65, 6, '2019-09-04 00:20:50', '2019-09-04 00:20:50'),
(63, '2019-09-04', '07:24:49', NULL, 'hadir', 63, 6, '2019-09-04 00:24:49', '2019-09-04 00:24:49'),
(64, '2019-09-04', '07:33:09', NULL, 'hadir', 35, 6, '2019-09-04 00:33:09', '2019-09-04 00:33:09'),
(65, '2019-09-04', '07:34:05', NULL, 'hadir', 45, 6, '2019-09-04 00:34:05', '2019-09-04 00:34:05'),
(66, '2019-09-04', '07:47:39', NULL, 'hadir', 44, 6, '2019-09-04 00:47:39', '2019-09-04 00:47:39'),
(67, '2019-09-04', '07:47:59', NULL, 'hadir', 42, 6, '2019-09-04 00:47:59', '2019-09-04 00:47:59'),
(68, '2019-09-04', '07:48:38', NULL, 'hadir', 43, 6, '2019-09-04 00:48:38', '2019-09-04 00:48:38'),
(69, '2019-09-05', '07:03:10', NULL, 'hadir', 35, 6, '2019-09-05 00:03:10', '2019-09-05 00:03:10'),
(70, '2019-09-05', '07:03:16', NULL, 'hadir', 54, 6, '2019-09-05 00:03:16', '2019-09-05 00:03:16'),
(71, '2019-09-05', '07:03:18', NULL, 'hadir', 54, 6, '2019-09-05 00:03:18', '2019-09-05 00:03:18'),
(72, '2019-09-05', '07:03:59', NULL, 'hadir', 42, 6, '2019-09-05 00:03:59', '2019-09-05 00:03:59'),
(73, '2019-09-05', '07:04:02', NULL, 'hadir', 62, 6, '2019-09-05 00:04:02', '2019-09-05 00:04:02'),
(74, '2019-09-05', '07:04:49', NULL, 'hadir', 43, 6, '2019-09-05 00:04:49', '2019-09-05 00:04:49'),
(75, '2019-09-05', '07:05:27', NULL, 'hadir', 41, 6, '2019-09-05 00:05:27', '2019-09-05 00:05:27'),
(76, '2019-09-05', '07:05:42', NULL, 'hadir', 69, 6, '2019-09-05 00:05:42', '2019-09-05 00:05:42'),
(77, '2019-09-05', '07:05:58', NULL, 'hadir', 64, 6, '2019-09-05 00:05:58', '2019-09-05 00:05:58'),
(78, '2019-09-05', '07:06:25', NULL, 'hadir', 61, 6, '2019-09-05 00:06:25', '2019-09-05 00:06:25'),
(79, '2019-09-05', '07:06:35', NULL, 'hadir', 56, 6, '2019-09-05 00:06:35', '2019-09-05 00:06:35'),
(80, '2019-09-05', '07:06:56', NULL, 'hadir', 67, 6, '2019-09-05 00:06:56', '2019-09-05 00:06:56'),
(81, '2019-09-05', '07:07:02', NULL, 'hadir', 65, 6, '2019-09-05 00:07:02', '2019-09-05 00:07:02'),
(82, '2019-09-05', '07:07:09', NULL, 'hadir', 55, 6, '2019-09-05 00:07:09', '2019-09-05 00:07:09'),
(83, '2019-09-05', '07:07:18', NULL, 'hadir', 66, 6, '2019-09-05 00:07:18', '2019-09-05 00:07:18'),
(84, '2019-09-05', '07:07:39', NULL, 'hadir', 51, 6, '2019-09-05 00:07:39', '2019-09-05 00:07:39'),
(85, '2019-09-05', '07:08:02', NULL, 'hadir', 48, 6, '2019-09-05 00:08:02', '2019-09-05 00:08:02'),
(86, '2019-09-05', '07:08:33', NULL, 'hadir', 60, 6, '2019-09-05 00:08:33', '2019-09-05 00:08:33'),
(87, '2019-09-05', '07:08:53', NULL, 'hadir', 58, 6, '2019-09-05 00:08:53', '2019-09-05 00:08:53'),
(88, '2019-09-05', '07:09:07', NULL, 'hadir', 53, 6, '2019-09-05 00:09:07', '2019-09-05 00:09:07'),
(89, '2019-09-05', '07:09:18', NULL, 'hadir', 47, 6, '2019-09-05 00:09:18', '2019-09-05 00:09:18'),
(90, '2019-09-05', '07:10:23', NULL, 'hadir', 63, 6, '2019-09-05 00:10:23', '2019-09-05 00:10:23'),
(91, '2019-09-05', '07:10:26', NULL, 'hadir', 57, 6, '2019-09-05 00:10:26', '2019-09-05 00:10:26'),
(92, '2019-09-05', '07:10:43', NULL, 'hadir', 50, 6, '2019-09-05 00:10:43', '2019-09-05 00:10:43'),
(93, '2019-09-05', '07:11:07', NULL, 'hadir', 36, 6, '2019-09-05 00:11:07', '2019-09-05 00:11:07'),
(94, '2019-09-05', '07:11:37', NULL, 'hadir', 38, 6, '2019-09-05 00:11:37', '2019-09-05 00:11:37'),
(95, '2019-09-05', '07:13:04', NULL, 'hadir', 52, 6, '2019-09-05 00:13:04', '2019-09-05 00:13:04'),
(96, '2019-09-05', '07:13:24', NULL, 'hadir', 59, 6, '2019-09-05 00:13:24', '2019-09-05 00:13:24'),
(97, '2019-09-05', '07:14:19', NULL, 'hadir', 37, 6, '2019-09-05 00:14:19', '2019-09-05 00:14:19'),
(98, '2019-09-05', '07:15:02', NULL, 'hadir', 45, 6, '2019-09-05 00:15:02', '2019-09-05 00:15:02'),
(99, '2019-09-05', '07:15:44', NULL, 'hadir', 40, 6, '2019-09-05 00:15:44', '2019-09-05 00:15:44'),
(100, '2019-09-05', '07:20:19', NULL, 'hadir', 46, 6, '2019-09-05 00:20:19', '2019-09-05 00:20:19'),
(101, '2019-09-05', '07:22:50', NULL, 'hadir', 44, 6, '2019-09-05 00:22:50', '2019-09-05 00:22:50'),
(102, '2019-09-05', '07:29:59', NULL, 'hadir', 39, 6, '2019-09-05 00:29:59', '2019-09-05 00:29:59'),
(103, '2019-09-06', '07:44:57', NULL, 'hadir', 289, 4, '2019-09-06 00:44:57', '2019-09-06 00:44:57'),
(104, '2019-09-06', '07:46:28', NULL, 'hadir', 257, 4, '2019-09-06 00:46:28', '2019-09-06 00:46:28'),
(105, '2019-09-06', '07:46:38', NULL, 'hadir', 258, 4, '2019-09-06 00:46:38', '2019-09-06 00:46:38'),
(106, '2019-09-06', '07:47:04', NULL, 'hadir', 273, 4, '2019-09-06 00:47:04', '2019-09-06 00:47:04'),
(107, '2019-09-06', '07:47:35', NULL, 'hadir', 261, 4, '2019-09-06 00:47:35', '2019-09-06 00:47:35'),
(108, '2019-09-06', '07:48:03', NULL, 'hadir', 260, 4, '2019-09-06 00:48:03', '2019-09-06 00:48:03'),
(109, '2019-09-06', '07:48:10', NULL, 'hadir', 259, 4, '2019-09-06 00:48:10', '2019-09-06 00:48:10'),
(110, '2019-09-06', '07:48:11', NULL, 'hadir', 263, 4, '2019-09-06 00:48:11', '2019-09-06 00:48:11'),
(111, '2019-09-06', '07:48:16', NULL, 'hadir', 264, 4, '2019-09-06 00:48:16', '2019-09-06 00:48:16'),
(112, '2019-09-06', '07:48:23', NULL, 'hadir', 280, 4, '2019-09-06 00:48:23', '2019-09-06 00:48:23'),
(113, '2019-09-06', '07:48:40', NULL, 'hadir', 279, 4, '2019-09-06 00:48:40', '2019-09-06 00:48:40'),
(114, '2019-09-06', '07:48:47', NULL, 'hadir', 268, 4, '2019-09-06 00:48:47', '2019-09-06 00:48:47'),
(115, '2019-09-06', '07:49:01', NULL, 'hadir', 278, 4, '2019-09-06 00:49:01', '2019-09-06 00:49:01'),
(116, '2019-09-06', '07:49:09', NULL, 'hadir', 265, 4, '2019-09-06 00:49:09', '2019-09-06 00:49:09'),
(117, '2019-09-06', '07:49:17', NULL, 'hadir', 262, 4, '2019-09-06 00:49:17', '2019-09-06 00:49:17'),
(118, '2019-09-06', '07:49:23', NULL, 'hadir', 266, 4, '2019-09-06 00:49:23', '2019-09-06 00:49:23'),
(119, '2019-09-06', '07:49:34', NULL, 'hadir', 280, 4, '2019-09-06 00:49:34', '2019-09-06 00:49:34'),
(120, '2019-09-06', '07:50:18', NULL, 'hadir', 269, 4, '2019-09-06 00:50:18', '2019-09-06 00:50:18'),
(121, '2019-09-06', '07:51:14', NULL, 'hadir', 274, 4, '2019-09-06 00:51:14', '2019-09-06 00:51:14'),
(122, '2019-09-06', '07:51:21', NULL, 'hadir', 270, 4, '2019-09-06 00:51:21', '2019-09-06 00:51:21'),
(123, '2019-09-06', '07:52:55', NULL, 'hadir', 270, 4, '2019-09-06 00:52:55', '2019-09-06 00:52:55'),
(124, '2019-09-06', '07:53:21', NULL, 'hadir', 286, 4, '2019-09-06 00:53:21', '2019-09-06 00:53:21'),
(125, '2019-09-06', '07:53:55', NULL, 'hadir', 277, 4, '2019-09-06 00:53:55', '2019-09-06 00:53:55'),
(126, '2019-09-06', '07:54:53', NULL, 'hadir', 285, 4, '2019-09-06 00:54:53', '2019-09-06 00:54:53'),
(127, '2019-09-06', '07:34:42', NULL, 'hadir', 54, 6, '2019-09-06 00:34:42', '2019-09-06 00:34:42'),
(128, '2019-09-06', '07:35:24', NULL, 'hadir', 61, 6, '2019-09-06 00:35:24', '2019-09-06 00:35:24'),
(129, '2019-09-06', '07:35:39', NULL, 'hadir', 42, 6, '2019-09-06 00:35:39', '2019-09-06 00:35:39'),
(130, '2019-09-06', '07:36:00', NULL, 'hadir', 43, 6, '2019-09-06 00:36:00', '2019-09-06 00:36:00'),
(131, '2019-09-06', '07:36:18', NULL, 'hadir', 37, 6, '2019-09-06 00:36:18', '2019-09-06 00:36:18'),
(132, '2019-09-06', '07:36:29', NULL, 'hadir', 45, 6, '2019-09-06 00:36:29', '2019-09-06 00:36:29'),
(133, '2019-09-06', '07:37:05', NULL, 'hadir', 41, 6, '2019-09-06 00:37:05', '2019-09-06 00:37:05'),
(134, '2019-09-06', '07:37:49', NULL, 'hadir', 49, 6, '2019-09-06 00:37:49', '2019-09-06 00:37:49'),
(135, '2019-09-06', '07:54:38', NULL, 'hadir', 46, 6, '2019-09-06 00:54:38', '2019-09-06 00:54:38'),
(136, '2019-09-06', '07:55:41', NULL, 'hadir', 67, 6, '2019-09-06 00:55:41', '2019-09-06 00:55:41'),
(137, '2019-09-06', '07:56:53', NULL, 'hadir', 39, 6, '2019-09-06 00:56:53', '2019-09-06 00:56:53'),
(138, '2019-09-06', '08:05:29', NULL, 'hadir', 35, 6, '2019-09-06 01:05:29', '2019-09-06 01:05:29'),
(139, '2019-09-06', '08:05:40', NULL, 'hadir', 47, 6, '2019-09-06 01:05:40', '2019-09-06 01:05:40'),
(140, '2019-09-06', '08:05:57', NULL, 'hadir', 38, 6, '2019-09-06 01:05:57', '2019-09-06 01:05:57'),
(141, '2019-09-07', '08:10:20', NULL, 'hadir', 30, 7, '2019-09-07 01:10:20', '2019-09-07 01:10:20'),
(142, '2019-09-07', '08:11:36', NULL, 'hadir', 35, 6, '2019-09-07 01:11:36', '2019-09-07 01:11:36'),
(143, '2019-09-07', '08:11:52', NULL, 'hadir', 58, 6, '2019-09-07 01:11:52', '2019-09-07 01:11:52'),
(144, '2019-09-07', '08:12:08', NULL, 'hadir', 51, 6, '2019-09-07 01:12:08', '2019-09-07 01:12:08'),
(145, '2019-09-07', '08:12:20', NULL, 'hadir', 38, 6, '2019-09-07 01:12:20', '2019-09-07 01:12:20'),
(146, '2019-09-07', '08:12:22', NULL, 'hadir', 50, 6, '2019-09-07 01:12:22', '2019-09-07 01:12:22'),
(147, '2019-09-07', '08:12:23', NULL, 'hadir', 56, 6, '2019-09-07 01:12:23', '2019-09-07 01:12:23'),
(148, '2019-09-07', '08:12:54', NULL, 'hadir', 37, 6, '2019-09-07 01:12:54', '2019-09-07 01:12:54'),
(149, '2019-09-07', '08:13:04', NULL, 'hadir', 5, 7, '2019-09-07 01:13:04', '2019-09-07 01:13:04'),
(150, '2019-09-07', '08:14:12', NULL, 'hadir', 98, 8, '2019-09-07 01:14:12', '2019-09-07 01:14:12'),
(151, '2019-09-07', '08:14:45', NULL, 'hadir', 13, 7, '2019-09-07 01:14:45', '2019-09-07 01:14:45'),
(152, '2019-09-07', '08:15:59', NULL, 'hadir', 78, 8, '2019-09-07 01:15:59', '2019-09-07 01:15:59'),
(153, '2019-09-07', '08:16:08', NULL, 'hadir', 55, 6, '2019-09-07 01:16:08', '2019-09-07 01:16:08'),
(154, '2019-09-07', '08:16:47', NULL, 'hadir', 20, 7, '2019-09-07 01:16:47', '2019-09-07 01:16:47'),
(155, '2019-09-07', '08:17:29', NULL, 'hadir', 10, 7, '2019-09-07 01:17:29', '2019-09-07 01:17:29'),
(156, '2019-09-07', '08:18:00', NULL, 'hadir', 15, 7, '2019-09-07 01:18:00', '2019-09-07 01:18:00'),
(157, '2019-09-07', '08:18:22', NULL, 'hadir', 92, 8, '2019-09-07 01:18:22', '2019-09-07 01:18:22'),
(158, '2019-09-07', '08:18:28', NULL, 'hadir', 67, 6, '2019-09-07 01:18:28', '2019-09-07 01:18:28'),
(159, '2019-09-07', '08:18:51', NULL, 'hadir', 36, 6, '2019-09-07 01:18:51', '2019-09-07 01:18:51'),
(160, '2019-09-07', '08:20:35', NULL, 'hadir', 79, 8, '2019-09-07 01:20:35', '2019-09-07 01:20:35'),
(161, '2019-09-07', '08:20:35', NULL, 'hadir', 97, 8, '2019-09-07 01:20:35', '2019-09-07 01:20:35'),
(162, '2019-09-07', '08:20:56', NULL, 'hadir', 93, 8, '2019-09-07 01:20:56', '2019-09-07 01:20:56'),
(163, '2019-09-07', '08:24:16', NULL, 'hadir', 70, 8, '2019-09-07 01:24:16', '2019-09-07 01:24:16'),
(164, '2019-09-10', '07:26:47', NULL, 'hadir', 59, 6, '2019-09-10 00:26:47', '2019-09-10 00:26:47'),
(165, '2019-09-12', '08:46:19', NULL, 'hadir', 61, 6, '2019-09-12 01:46:19', '2019-09-12 01:46:19'),
(166, '2019-09-12', '08:47:56', NULL, 'hadir', 49, 6, '2019-09-12 01:47:56', '2019-09-12 01:47:56'),
(167, '2019-09-12', '08:49:13', NULL, 'hadir', 41, 6, '2019-09-12 01:49:13', '2019-09-12 01:49:13'),
(168, '2019-09-12', '08:50:10', NULL, 'hadir', 52, 6, '2019-09-12 01:50:10', '2019-09-12 01:50:10'),
(169, '2019-09-12', '08:51:23', NULL, 'hadir', 43, 6, '2019-09-12 01:51:23', '2019-09-12 01:51:23'),
(170, '2019-09-12', '08:52:38', NULL, 'hadir', 37, 6, '2019-09-12 01:52:38', '2019-09-12 01:52:38'),
(171, '2019-09-12', '08:53:30', NULL, 'hadir', 35, 6, '2019-09-12 01:53:30', '2019-09-12 01:53:30'),
(172, '2019-09-12', '08:53:40', NULL, 'hadir', 42, 6, '2019-09-12 01:53:40', '2019-09-12 01:53:40'),
(173, '2019-09-12', '08:53:47', NULL, 'hadir', 39, 6, '2019-09-12 01:53:47', '2019-09-12 01:53:47'),
(174, '2019-09-12', '08:53:50', NULL, 'hadir', 45, 6, '2019-09-12 01:53:50', '2019-09-12 01:53:50'),
(175, '2019-09-12', '08:54:56', NULL, 'hadir', 54, 6, '2019-09-12 01:54:56', '2019-09-12 01:54:56'),
(176, '2019-09-13', '07:32:57', NULL, 'hadir', 283, 4, '2019-09-13 00:32:57', '2019-09-13 00:32:57'),
(177, '2019-09-13', '07:33:00', NULL, 'hadir', 260, 4, '2019-09-13 00:33:00', '2019-09-13 00:33:00'),
(178, '2019-09-13', '07:33:04', NULL, 'hadir', 289, 4, '2019-09-13 00:33:04', '2019-09-13 00:33:04'),
(179, '2019-09-13', '07:33:12', NULL, 'hadir', 268, 4, '2019-09-13 00:33:12', '2019-09-13 00:33:12'),
(180, '2019-09-13', '07:33:18', NULL, 'hadir', 275, 4, '2019-09-13 00:33:18', '2019-09-13 00:33:18'),
(181, '2019-09-13', '07:33:54', NULL, 'hadir', 3, 7, '2019-09-13 00:33:54', '2019-09-13 00:33:54'),
(182, '2019-09-13', '07:34:03', NULL, 'hadir', 264, 4, '2019-09-13 00:34:03', '2019-09-13 00:34:03'),
(183, '2019-09-13', '07:34:39', NULL, 'hadir', 283, 4, '2019-09-13 00:34:39', '2019-09-13 00:34:39'),
(184, '2019-09-13', '07:34:39', NULL, 'hadir', 271, 4, '2019-09-13 00:34:39', '2019-09-13 00:34:39'),
(185, '2019-09-13', '07:34:43', NULL, 'hadir', 262, 4, '2019-09-13 00:34:43', '2019-09-13 00:34:43'),
(186, '2019-09-13', '07:34:49', NULL, 'hadir', 270, 4, '2019-09-13 00:34:49', '2019-09-13 00:34:49'),
(187, '2019-09-13', '07:35:04', NULL, 'hadir', 259, 4, '2019-09-13 00:35:04', '2019-09-13 00:35:04'),
(188, '2019-09-13', '07:35:10', NULL, 'hadir', 267, 4, '2019-09-13 00:35:10', '2019-09-13 00:35:10'),
(189, '2019-09-13', '07:36:07', NULL, 'hadir', 286, 4, '2019-09-13 00:36:07', '2019-09-13 00:36:07'),
(190, '2019-09-13', '07:36:37', NULL, 'hadir', 265, 4, '2019-09-13 00:36:37', '2019-09-13 00:36:37'),
(191, '2019-09-13', '07:36:52', NULL, 'hadir', 258, 4, '2019-09-13 00:36:52', '2019-09-13 00:36:52'),
(192, '2019-09-13', '07:36:52', NULL, 'hadir', 279, 4, '2019-09-13 00:36:52', '2019-09-13 00:36:52'),
(193, '2019-09-13', '07:37:04', NULL, 'hadir', 263, 4, '2019-09-13 00:37:04', '2019-09-13 00:37:04'),
(194, '2019-09-13', '07:37:12', NULL, 'hadir', 281, 4, '2019-09-13 00:37:12', '2019-09-13 00:37:12'),
(195, '2019-09-13', '07:37:15', NULL, 'hadir', 269, 4, '2019-09-13 00:37:15', '2019-09-13 00:37:15'),
(196, '2019-09-13', '07:37:46', NULL, 'hadir', 257, 4, '2019-09-13 00:37:46', '2019-09-13 00:37:46'),
(197, '2019-09-13', '07:37:53', NULL, 'hadir', 261, 4, '2019-09-13 00:37:53', '2019-09-13 00:37:53'),
(198, '2019-09-13', '07:38:53', NULL, 'hadir', 288, 4, '2019-09-13 00:38:53', '2019-09-13 00:38:53'),
(199, '2019-09-13', '07:39:48', NULL, 'hadir', 277, 4, '2019-09-13 00:39:48', '2019-09-13 00:39:48'),
(200, '2019-09-13', '07:40:04', NULL, 'hadir', 280, 4, '2019-09-13 00:40:04', '2019-09-13 00:40:04'),
(201, '2019-09-13', '07:40:40', NULL, 'hadir', 290, 4, '2019-09-13 00:40:40', '2019-09-13 00:40:40'),
(202, '2019-09-13', '07:41:08', NULL, 'hadir', 274, 4, '2019-09-13 00:41:08', '2019-09-13 00:41:08'),
(203, '2019-09-13', '07:47:03', NULL, 'hadir', 273, 4, '2019-09-13 00:47:03', '2019-09-13 00:47:03'),
(204, '2019-09-13', '07:47:20', NULL, 'hadir', 282, 4, '2019-09-13 00:47:20', '2019-09-13 00:47:20'),
(205, '2019-09-13', '08:36:12', NULL, 'hadir', 14, 7, '2019-09-13 01:36:12', '2019-09-13 01:36:12'),
(206, '2019-09-13', '08:37:26', NULL, 'hadir', 7, 7, '2019-09-13 01:37:26', '2019-09-13 01:37:26'),
(207, '2019-09-13', '08:37:36', NULL, 'hadir', 21, 7, '2019-09-13 01:37:36', '2019-09-13 01:37:36'),
(208, '2019-09-13', '08:37:40', NULL, 'hadir', 5, 7, '2019-09-13 01:37:40', '2019-09-13 01:37:40'),
(209, '2019-09-13', '08:37:40', NULL, 'hadir', 7, 7, '2019-09-13 01:37:40', '2019-09-13 01:37:40'),
(210, '2019-09-13', '08:38:30', NULL, 'hadir', 26, 7, '2019-09-13 01:38:30', '2019-09-13 01:38:30'),
(211, '2019-09-13', '08:38:45', NULL, 'hadir', 19, 7, '2019-09-13 01:38:45', '2019-09-13 01:38:45'),
(212, '2019-09-13', '08:41:49', NULL, 'hadir', 1, 7, '2019-09-13 01:41:49', '2019-09-13 01:41:49'),
(213, '2019-09-13', '08:42:03', NULL, 'hadir', 23, 7, '2019-09-13 01:42:03', '2019-09-13 01:42:03'),
(214, '2019-09-13', '08:42:05', NULL, 'hadir', 15, 7, '2019-09-13 01:42:05', '2019-09-13 01:42:05'),
(215, '2019-09-13', '08:42:40', NULL, 'hadir', 20, 7, '2019-09-13 01:42:40', '2019-09-13 01:42:40'),
(216, '2019-09-13', '08:42:43', NULL, 'hadir', 30, 7, '2019-09-13 01:42:43', '2019-09-13 01:42:43'),
(217, '2019-09-13', '08:42:58', NULL, 'hadir', 278, 4, '2019-09-13 01:42:58', '2019-09-13 01:42:58'),
(218, '2019-09-13', '08:44:21', NULL, 'hadir', 80, 8, '2019-09-13 01:44:21', '2019-09-13 01:44:21'),
(219, '2019-09-13', '08:44:34', NULL, 'hadir', 71, 8, '2019-09-13 01:44:34', '2019-09-13 01:44:34'),
(220, '2019-09-13', '08:45:14', NULL, 'hadir', 266, 4, '2019-09-13 01:45:14', '2019-09-13 01:45:14'),
(221, '2019-09-13', '08:46:40', NULL, 'hadir', 78, 8, '2019-09-13 01:46:40', '2019-09-13 01:46:40'),
(222, '2019-09-13', '08:47:05', NULL, 'hadir', 97, 8, '2019-09-13 01:47:05', '2019-09-13 01:47:05'),
(223, '2019-09-13', '08:47:11', NULL, 'hadir', 86, 8, '2019-09-13 01:47:11', '2019-09-13 01:47:11'),
(224, '2019-09-13', '08:47:17', NULL, 'hadir', 86, 8, '2019-09-13 01:47:17', '2019-09-13 01:47:17'),
(225, '2019-09-13', '08:48:41', '16:45:21', 'hadir', 256, 5, '2019-09-13 01:48:41', '2019-09-13 09:45:21'),
(226, '2019-09-13', '08:52:15', NULL, 'hadir', 91, 8, '2019-09-13 01:52:15', '2019-09-13 01:52:15'),
(227, '2019-09-13', '09:00:26', NULL, 'hadir', 93, 8, '2019-09-13 02:00:26', '2019-09-13 02:00:26'),
(228, '2019-09-14', '08:31:41', NULL, 'hadir', 82, 8, '2019-09-14 01:31:41', '2019-09-14 01:31:41'),
(229, '2019-09-14', '08:32:13', NULL, 'hadir', 101, 8, '2019-09-14 01:32:13', '2019-09-14 01:32:13'),
(230, '2019-09-14', '08:32:36', NULL, 'hadir', 72, 8, '2019-09-14 01:32:36', '2019-09-14 01:32:36'),
(231, '2019-09-14', '08:32:39', NULL, 'hadir', 93, 8, '2019-09-14 01:32:39', '2019-09-14 01:32:39'),
(232, '2019-09-14', '08:33:30', NULL, 'hadir', 98, 8, '2019-09-14 01:33:30', '2019-09-14 01:33:30'),
(233, '2019-09-14', '08:34:24', NULL, 'hadir', 78, 8, '2019-09-14 01:34:24', '2019-09-14 01:34:24'),
(234, '2019-09-14', '08:34:30', NULL, 'hadir', 97, 8, '2019-09-14 01:34:30', '2019-09-14 01:34:30'),
(235, '2019-09-14', '08:34:51', NULL, 'hadir', 256, 5, '2019-09-14 01:34:51', '2019-09-14 01:34:51'),
(236, '2019-09-14', '08:35:12', NULL, 'hadir', 79, 8, '2019-09-14 01:35:12', '2019-09-14 01:35:12'),
(237, '2019-09-14', '08:35:14', NULL, 'hadir', 79, 8, '2019-09-14 01:35:14', '2019-09-14 01:35:14'),
(238, '2019-09-14', '08:36:23', NULL, 'hadir', 37, 6, '2019-09-14 01:36:23', '2019-09-14 01:36:23'),
(239, '2019-09-14', '08:38:46', NULL, 'hadir', 70, 8, '2019-09-14 01:38:46', '2019-09-14 01:38:46'),
(240, '2019-09-14', '08:38:57', NULL, 'hadir', 102, 8, '2019-09-14 01:38:57', '2019-09-14 01:38:57'),
(241, '2019-09-14', '08:43:36', NULL, 'hadir', 95, 8, '2019-09-14 01:43:36', '2019-09-14 01:43:36'),
(242, '2019-09-14', '08:47:47', NULL, 'hadir', 40, 6, '2019-09-14 01:47:47', '2019-09-14 01:47:47'),
(243, '2019-09-14', '08:51:43', NULL, 'hadir', 14, 7, '2019-09-14 01:51:43', '2019-09-14 01:51:43'),
(244, '2019-09-14', '08:53:00', NULL, 'hadir', 35, 6, '2019-09-14 01:53:00', '2019-09-14 01:53:00'),
(245, '2019-09-14', '08:53:11', NULL, 'hadir', 17, 7, '2019-09-14 01:53:11', '2019-09-14 01:53:11'),
(246, '2019-09-14', '08:53:32', NULL, 'hadir', 55, 6, '2019-09-14 01:53:33', '2019-09-14 01:53:33'),
(247, '2019-09-14', '08:55:14', NULL, 'hadir', 48, 6, '2019-09-14 01:55:14', '2019-09-14 01:55:14'),
(248, '2019-09-14', '08:59:48', NULL, 'hadir', 57, 6, '2019-09-14 01:59:48', '2019-09-14 01:59:48'),
(249, '2019-09-14', '09:01:25', NULL, 'hadir', 30, 7, '2019-09-14 02:01:25', '2019-09-14 02:01:25'),
(250, '2019-09-14', '09:02:14', NULL, 'hadir', 15, 7, '2019-09-14 02:02:14', '2019-09-14 02:02:14'),
(251, '2019-09-14', '09:02:18', NULL, 'hadir', 15, 7, '2019-09-14 02:02:18', '2019-09-14 02:02:18'),
(252, '2019-09-14', '09:03:01', NULL, 'hadir', 13, 7, '2019-09-14 02:03:01', '2019-09-14 02:03:01'),
(253, '2019-09-14', '11:12:28', NULL, 'hadir', 1, 7, '2019-09-14 04:12:28', '2019-09-14 04:12:28'),
(254, '2019-09-14', '11:27:56', NULL, 'hadir', 1, 7, '2019-09-14 04:27:56', '2019-09-14 04:27:56'),
(255, '2019-09-14', '11:52:01', NULL, 'hadir', 256, 5, '2019-09-14 04:52:01', '2019-09-14 04:52:01'),
(256, '2019-09-14', NULL, NULL, 'izin', 104, 5, '2019-09-14 04:52:04', '2019-09-14 04:52:04'),
(257, '2019-09-14', NULL, NULL, 'sakit', 105, 5, '2019-09-14 04:52:06', '2019-09-14 04:52:06'),
(258, '2019-09-14', '11:55:39', NULL, 'hadir', 1, 7, '2019-09-14 04:55:39', '2019-09-14 04:55:39'),
(259, '2019-09-14', '11:57:20', NULL, 'hadir', 106, 7, '2019-09-14 04:57:20', '2019-09-14 04:57:20'),
(260, '2019-09-14', '12:01:25', NULL, 'hadir', 106, 7, '2019-09-14 05:01:25', '2019-09-14 05:01:25'),
(261, '2019-09-14', '12:04:28', NULL, 'hadir', 106, 7, '2019-09-14 05:04:28', '2019-09-14 05:04:28'),
(262, '2019-09-14', '12:05:53', NULL, 'hadir', 106, 7, '2019-09-14 05:05:53', '2019-09-14 05:05:53'),
(263, '2019-09-14', '12:06:50', NULL, 'hadir', 106, 7, '2019-09-14 05:06:50', '2019-09-14 05:06:50'),
(264, '2019-09-14', '12:10:10', NULL, 'hadir', 106, 7, '2019-09-14 05:10:10', '2019-09-14 05:10:10'),
(265, '2019-09-14', '12:14:42', NULL, 'hadir', 106, 7, '2019-09-14 05:14:42', '2019-09-14 05:14:42'),
(266, '2019-09-14', '12:15:54', NULL, 'hadir', 106, 7, '2019-09-14 05:15:54', '2019-09-14 05:15:54'),
(267, '2019-09-14', '12:23:37', NULL, 'hadir', 106, 7, '2019-09-14 05:23:37', '2019-09-14 05:23:37'),
(268, '2019-09-14', '12:26:43', NULL, 'hadir', 106, 7, '2019-09-14 05:26:43', '2019-09-14 05:26:43'),
(269, '2019-09-14', '12:30:31', NULL, 'hadir', 106, 7, '2019-09-14 05:30:31', '2019-09-14 05:30:31'),
(270, '2019-09-14', '12:34:13', NULL, 'hadir', 106, 7, '2019-09-14 05:34:13', '2019-09-14 05:34:13'),
(271, '2019-09-14', '12:34:39', NULL, 'hadir', 106, 7, '2019-09-14 05:34:39', '2019-09-14 05:34:39'),
(272, '2019-09-14', '12:47:14', NULL, 'hadir', 106, 7, '2019-09-14 05:47:14', '2019-09-14 05:47:14'),
(273, '2019-09-14', '13:18:26', NULL, 'hadir', 106, 7, '2019-09-14 06:18:26', '2019-09-14 06:18:26'),
(274, '2019-09-14', '13:19:57', NULL, 'hadir', 106, 7, '2019-09-14 06:19:57', '2019-09-14 06:19:57'),
(275, '2019-09-14', '13:25:57', NULL, 'hadir', 106, 7, '2019-09-14 06:25:57', '2019-09-14 06:25:57'),
(276, '2019-09-15', NULL, NULL, 'izin', 256, 5, '2019-09-15 06:04:18', '2019-09-15 06:04:18'),
(277, '2019-09-15', NULL, NULL, 'sakit', 104, 5, '2019-09-15 06:04:21', '2019-09-15 06:04:21'),
(278, '2019-09-15', '13:04:40', NULL, 'hadir', 105, 5, '2019-09-15 06:04:40', '2019-09-15 06:04:40');

-- --------------------------------------------------------

--
-- Table structure for table `guru`
--

CREATE TABLE `guru` (
  `id` int(11) NOT NULL,
  `nama` varchar(50) NOT NULL,
  `mapel` varchar(50) NOT NULL
) ENGINE=InnoDB DEFAULT CHARSET=latin1;

--
-- Dumping data for table `guru`
--

INSERT INTO `guru` (`id`, `nama`, `mapel`) VALUES
(1, 'AHMAD MUHAIMIN, S.kom', 'Produktif TKJ'),
(2, 'AHMAD FATONI, S.kom', 'Produktif TKJ PKK'),
(3, 'LIDYA ARLINI, S.Kom', 'Produktif TKJ ASJ'),
(4, 'TITI PUJI LESTARI, S.Kom', 'Produktif TKJ TLJ & MULOK'),
(5, 'ROY  MAWAN, S.Kom', 'Produktif TKJ');

-- --------------------------------------------------------

--
-- Table structure for table `info`
--

CREATE TABLE `info` (
  `id` int(11) NOT NULL,
  `judul` varchar(50) NOT NULL,
  `isi` text NOT NULL,
  `file` text DEFAULT NULL
) ENGINE=InnoDB DEFAULT CHARSET=latin1;

--
-- Dumping data for table `info`
--

INSERT INTO `info` (`id`, `judul`, `isi`, `file`) VALUES
(2, 'IMAN DAN TAQWA', '<p style=\"text-align:center\">&nbsp;</p>\r\n\r\n<p style=\"text-align:center\"><span style=\"font-size:26px\">JAGALAH KEBERSIHAN LAB </span></p>\r\n\r\n<p style=\"text-align:center\"><span style=\"font-size:26px\">DAN RAPIHKAN</span></p>\r\n\r\n<p style=\"text-align:center\"><span style=\"color:#c0392b\"><span style=\"font-size:26px\">ABSEN MAX&nbsp;9.00</span></span></p>', NULL);

-- --------------------------------------------------------

--
-- Table structure for table `jurusan`
--

CREATE TABLE `jurusan` (
  `id` int(11) NOT NULL,
  `nama` varchar(50) NOT NULL,
  `kode_jurusan` varchar(50) NOT NULL
) ENGINE=InnoDB DEFAULT CHARSET=latin1;

--
-- Dumping data for table `jurusan`
--

INSERT INTO `jurusan` (`id`, `nama`, `kode_jurusan`) VALUES
(1, 'Teknik Komputer dan Jaringan', 'TKJ');

-- --------------------------------------------------------

--
-- Table structure for table `kelas`
--

CREATE TABLE `kelas` (
  `id` int(11) NOT NULL,
  `nama_kelas` varchar(50) NOT NULL
) ENGINE=InnoDB DEFAULT CHARSET=latin1;

--
-- Dumping data for table `kelas`
--

INSERT INTO `kelas` (`id`, `nama_kelas`) VALUES
(1, 'XTKJ1'),
(2, 'XTKJ2'),
(3, 'XITKJ1'),
(4, 'XITKJ2'),
(5, 'XIITKJ1'),
(6, 'XIITKJ2'),
(7, 'XIITKJ3'),
(8, 'XIITKJ4');

-- --------------------------------------------------------

--
-- Table structure for table `migrations`
--

CREATE TABLE `migrations` (
  `id` int(10) UNSIGNED NOT NULL,
  `migration` varchar(191) COLLATE utf8mb4_unicode_ci NOT NULL,
  `batch` int(11) NOT NULL
) ENGINE=InnoDB DEFAULT CHARSET=utf8mb4 COLLATE=utf8mb4_unicode_ci;

--
-- Dumping data for table `migrations`
--

INSERT INTO `migrations` (`id`, `migration`, `batch`) VALUES
(1, '2014_10_12_000000_create_users_table', 1),
(2, '2014_10_12_100000_create_password_resets_table', 1),
(3, '2018_10_20_051023_create_jabatans_table', 1),
(4, '2018_10_20_051047_create_pegawais_table', 1),
(5, '2018_10_20_051054_create_absens_table', 1);

-- --------------------------------------------------------

--
-- Table structure for table `password_resets`
--

CREATE TABLE `password_resets` (
  `email` varchar(191) COLLATE utf8mb4_unicode_ci NOT NULL,
  `token` varchar(191) COLLATE utf8mb4_unicode_ci NOT NULL,
  `created_at` timestamp NULL DEFAULT NULL
) ENGINE=InnoDB DEFAULT CHARSET=utf8mb4 COLLATE=utf8mb4_unicode_ci;

-- --------------------------------------------------------

--
-- Table structure for table `piket`
--

CREATE TABLE `piket` (
  `id` int(11) NOT NULL,
  `siswa_id` int(11) NOT NULL,
  `kelas_id` int(11) NOT NULL
) ENGINE=InnoDB DEFAULT CHARSET=latin1;

--
-- Dumping data for table `piket`
--

INSERT INTO `piket` (`id`, `siswa_id`, `kelas_id`) VALUES
(6, 93, 8),
(7, 37, 6),
(11, 14, 7),
(12, 17, 7);

-- --------------------------------------------------------

--
-- Table structure for table `siswa`
--

CREATE TABLE `siswa` (
  `id` int(11) NOT NULL,
  `nis` bigint(20) NOT NULL,
  `nama` varchar(50) NOT NULL,
  `jeniskelamin` varchar(20) NOT NULL,
  `tempat` varchar(50) NOT NULL,
  `tanggallahir` date NOT NULL,
  `nohp` varchar(50) NOT NULL,
  `foto` varchar(50) NOT NULL,
  `jurusan_id` int(11) NOT NULL,
  `kelas_id` int(11) NOT NULL,
  `status` tinyint(1) NOT NULL DEFAULT 0
) ENGINE=InnoDB DEFAULT CHARSET=latin1;

--
-- Dumping data for table `siswa`
--

INSERT INTO `siswa` (`id`, `nis`, `nama`, `jeniskelamin`, `tempat`, `tanggallahir`, `nohp`, `foto`, `jurusan_id`, `kelas_id`, `status`) VALUES
(1, 171810397, 'ADITYA MAULANA RAHMAN', 'L', 'DEPOK', '2002-05-13', '08558352986', 'Mamank.jpg', 1, 7, 0),
(2, 171810398, 'AHMAD FIKRI AL FARIZI', 'L', 'TANGERANG', '2002-09-06', '080808080', 'FIKRI.jpeg', 1, 7, 0),
(3, 171810399, 'ALAN KUSUMAH', 'L', 'TANGERANG', '2002-10-25', '089647691751', 'ALAN.jpeg', 1, 7, 0),
(4, 171810400, 'ANDREAS DOMI ONESIMUS S', 'L', 'TANGERANG', '2002-06-06', '08989314412', 'ANDREAS.jpeg', 1, 7, 0),
(5, 171810401, 'ARYA ATHAR FIRMANSYAH', 'L', 'TANGERANG', '2002-04-02', '083815110337', 'ARYA.jpeg', 1, 7, 0),
(6, 171810403, 'BENNI WIJAYA', 'L', 'TANGERANG', '2002-07-11', '085852227039', 'BENI.jpeg', 1, 7, 0),
(7, 171810404, 'CINTA TARISA ARIVIA', 'P', 'BEKASI', '2002-04-30', '085782605418', 'CINTA.jpeg', 1, 7, 0),
(8, 171810405, 'DEVIT INDRAWAN', 'L', 'TANGERANG', '2001-12-20', '081383439454', 'DEVIT.jpeg', 1, 7, 0),
(9, 171810406, 'EKA WAHYU NURSYAH', 'L', 'MAGELANG', '2001-11-08', '085719470467', 'EKA.jpeg', 1, 7, 0),
(10, 171810407, 'EVA DINA PRASASTI', 'P', 'TANGERANG', '2001-07-09', '083806174078', 'EVA.jpeg', 1, 7, 0),
(11, 171810409, 'FEBRIO ANANDA SYAHPUTRA', 'L', 'TANGERANG', '2002-07-23', '08111023071', 'FEBRIO.jpeg', 1, 7, 0),
(12, 171810411, 'HERU GIFFARI', 'L', 'JAKARTA', '2002-12-12', '088977043819', 'HERU.jpeg', 1, 7, 0),
(13, 171810412, 'IKA NOVIANTI', 'P', 'TANGERANG', '2002-01-08', '0895368027504', 'IKA.jpeg', 1, 7, 0),
(14, 171810413, 'INTAN NUR RAHMA', 'P', 'TANGERANG', '2002-05-06', '083870413122', 'INTAN.jpeg', 1, 7, 0),
(15, 171810414, 'LUKMANUL HAKIM', 'L', 'TANGERANG', '2001-02-11', '083807771874', 'LUKMAN.jpeg', 1, 7, 0),
(16, 171810415, 'MATDARI', 'L', 'TANGERANG', '2001-02-08', '080880088080800', 'MTADARI.jpeg', 1, 7, 0),
(17, 171810416, 'MIRA AYU LISTIANA', 'P', 'TANGERANG', '2002-03-16', '083172704195', 'MIRA.jpeg', 1, 7, 0),
(18, 171810417, 'MUHAMMAD HAIRIL ANWAR', 'L', 'TANGERANG', '2002-07-26', '083841341318', 'HAIRIL.jpeg', 1, 7, 0),
(19, 171810418, 'MUHAMMAD RAFLI AULIA RACHMAN', 'L', 'TANGERANG', '2001-11-26', '08811162453', 'RAFLI.jpeg', 1, 7, 0),
(20, 171810419, 'MUHAMMAD SEHABUDIN', 'L', 'TANGERANG', '2002-11-14', '083873663914', 'SEHABUDIN.jpeg', 1, 7, 0),
(21, 171810420, 'NOVA ROMADHONI', 'L', 'KEBUMEN', '2000-11-30', '0895322772169', 'NOVA.jpeg', 1, 7, 0),
(22, 171810421, 'PUTRI MARSYILATUL AWALIYAH', 'P', 'TANGERANG', '2002-03-01', '085697775417', 'PUTRI.jpeg', 1, 7, 0),
(23, 171810422, 'RAHMAT HIDAYAT', 'L', 'TANGERANG', '2003-03-03', '083816010564', 'RAHMAT.jpeg', 1, 7, 0),
(24, 171810423, 'RICHARD CENSANO', 'L', 'TANGERANG', '2002-06-15', '082210281831', 'RICHARD.jpeg', 1, 7, 0),
(25, 171810426, 'SADAM HUSEN', 'L', 'TANGERANG', '2003-03-18', '088210547914', 'SADAM.jpeg', 1, 7, 0),
(26, 171810427, 'SEPTI', 'P', 'TANGERANG', '2001-04-28', '083805559448', 'SEPTI.jpeg', 1, 7, 0),
(27, 171810428, 'SITI ELISAH', 'P', 'TANGERANG', '2002-10-07', '083817490284', 'ELISAH.jpeg', 1, 7, 0),
(28, 171810429, 'SITI MARDIYANAH', 'P', 'TANGERANG', '2002-05-27', '083891492662', 'MARDIYANAH.jpeg', 1, 7, 0),
(29, 171810430, 'SUHERMAN', 'L', 'TANGERANG', '2001-07-26', '083804624208', 'HERMAN.jpeg', 1, 7, 0),
(30, 171810431, 'YAHYA MUHAIMIN', 'L', 'TANGERANG', '2002-11-03', '083893694137', 'YAHYA.jpeg', 1, 7, 0),
(31, 171810432, 'YULYANAH', 'P', 'TANGERANG', '2000-10-18', '083805254390', 'YULIYANAH.jpeg', 1, 7, 0),
(32, 171810408, 'FARREL ALDO SULTANSYAH', 'L', 'BEKASI', '2002-06-20', '085899088398', 'ALDO NDOG.jpeg', 1, 7, 0),
(33, 171810410, 'HAIKAL GIBRAN', 'L', 'TANGERANG', '2002-07-29', '083807343851', 'HAIKAL.jpeg', 1, 7, 0),
(34, 171810424, 'RIKO SETIAWAN', 'L', 'TANGERANG', '2003-04-23', '085775032692', 'RIKO.jpeg', 1, 7, 0),
(35, 171810362, 'AL ALIDJA', 'L', 'TANGERANG', '2001-08-13', '085811871572', 'IMG-20190827-WA0039.jpg', 1, 6, 0),
(36, 171810363, 'ALWIN ARISKA PRATAMA', 'L', 'TANGERANG', '2002-03-19', '089643365028', 'alwin ariska.jpg', 1, 6, 0),
(37, 171810366, 'ASADDUDIN', 'L', 'TANGERANG', '2000-08-22', '089643328829', 'ASADDUDDAIN.jpg', 1, 6, 0),
(38, 171810367, 'BAIDLAWI', 'L', 'HANURA', '2002-03-30', '081318398541', 'BAIDLAWI.jpg', 1, 6, 0),
(39, 171810368, 'CHAERUL UMAM MAULANA', 'L', 'TANGERANG', '2002-04-21', '085695680109', 'CHAERUL.jpg', 1, 6, 0),
(40, 171810369, 'DAYLAN ALFIAN', 'L', 'MALANG', '2002-04-08', '081282164801', 'DAYLAN ALFIAN.jpg', 1, 6, 0),
(41, 171810370, 'EFAN CHANDRA', 'L', 'BANDAR AGUNG', '2001-12-25', '08989293260', 'efan chandra.jpg', 1, 6, 0),
(42, 171810371, 'ERNASARI', 'P', 'INDRAMAYU', '2002-12-18', '0895611498150', 'ERNASARI.jpg', 1, 6, 0),
(43, 171810372, 'FARHAN ADLI', 'L', 'LAMPUNG SELATAN', '2002-01-05', '085694981891', 'FARHAN ADLI.jpg', 1, 6, 0),
(44, 171810373, 'FEBRIANA', 'P', 'BANJARNEGARA', '2002-02-22', '088211266288', 'FEBRIANA.jpg', 1, 6, 0),
(45, 171810375, 'HENDRI NOHAN', 'L', 'TANGERANG', '2002-07-09', '083895811526', 'hendri nohan.jpg', 1, 6, 0),
(46, 171810376, 'IDHAM KHOLID', 'L', 'TANGERANG', '2002-10-30', '085692336032', 'IDHAM.jpg', 1, 6, 0),
(47, 171810377, 'INDRA ERIS SAPUTRA', 'L', 'SUKAMULYA', '2002-07-06', '083805188280', 'INDRA.jpg', 1, 6, 0),
(48, 171810378, 'LEO MARKUS', 'L', 'JAKARTA', '2002-09-22', '085770233554', 'IMG-20190827-WA0008_1.jpg', 1, 6, 0),
(49, 171810380, 'MUHAMAD HATAMI', 'L', 'TANGERANG', '2002-04-25', '085692920619', 'HATAMII.jpg', 1, 6, 0),
(50, 171810381, 'MUHAMMAD MUNAWIR', 'L', 'JAKARTA', '2001-12-24', '089602949304', 'muhammad munawir.jpg', 1, 6, 0),
(51, 171810382, 'MOHAMMAD RISKY NUGROHO', 'L', 'JAKARTA', '2002-01-10', '08158284019', 'M RISKI.jpg', 1, 6, 0),
(52, 171810383, 'NICHOLAS SAPUTRA', 'L', 'NGAWI', '2002-08-09', '08568452856', 'NICOLAS.jpg', 1, 6, 0),
(53, 171810384, 'OPAH MUSYAROFAH', 'P', 'TANGERANG', '2001-09-16', '085691943021', 'OPAH.jpg', 1, 6, 0),
(54, 171810385, 'RAHMAT DWI PRASETYO', 'L', 'JAKARTA', '2002-06-01', '0895423481565', 'RAHMAT.jpg', 1, 6, 0),
(55, 171810386, 'RAIHAN ILYASAH', 'L', 'JAKARTA', '2002-08-21', '089661932970', 'RAIHAN.jpg', 1, 6, 0),
(56, 171810387, 'RIANDO PRAYOGA', 'L', 'LAMPUNG', '2002-06-22', '081413247637', 'RIANDO.jpg', 1, 6, 0),
(57, 171810389, 'RIZKY ADEKATUASA', 'L', 'LAMPUNG', '2001-09-14', '083878722868', 'RIZKY.jpg', 1, 6, 0),
(58, 171810390, 'RUSWANDI RAMLI', 'L', 'JAKARTA', '2002-11-06', '089629980990', 'RUSWANDI.jpg', 1, 6, 0),
(59, 171810395, 'WINDI TRIARTIMI', 'P', 'TANGERANG', '2001-11-25', '0895384166691', 'WINDI.jpg', 1, 6, 0),
(60, 171810393, 'SITI LATIFAH', 'P', 'TANGERANG', '2002-01-31', '085716161478', 'LATIFAH.jpg', 1, 6, 0),
(61, 171810747, 'SHERLYA SUPARDIN', 'P', 'TANGERANG', '2002-09-23', '08569748977', 'SHERLYA.jpg', 1, 6, 0),
(62, 171810394, 'SRI RAHAYU', 'P', 'TANGERANG', '2002-05-18', '085771082850', 'SRI RAHAYU.jpg', 1, 6, 0),
(63, 171810391, 'SARMILAH', 'P', 'TANGERANG', '2002-10-16', '085697980340', 'SARMILAH.jpg', 1, 6, 0),
(64, 171810374, 'GALIH SEPTIANSYAH FIRDAUS', 'L', 'TANGERANG', '2002-09-10', '085777048570', 'GALIH.jpg', 1, 6, 0),
(65, 171810396, 'YULIA DAMAYANTI', 'P', 'TANGERANG', '2002-06-28', '085882437247', 'WhatsApp Image 2019-08-28 at 13.17.02.jpeg', 1, 6, 0),
(66, 171810361, 'AGUSTINUS BAYU SATRIO', 'L', 'TANGERANG', '2002-08-20', '085714310672', 'WhatsApp Image 2019-08-28 at 13.19.13.jpeg', 1, 6, 0),
(67, 171810388, 'RIDZAL RHAMDHAN', 'L', 'SUBANG`', '2002-11-12', '083896714688', 'IMG-20190827-WA0024.jpg', 1, 6, 0),
(68, 171810463, 'ADIPTA RIZKI WAHID TITULLAH', 'L', 'Jakarta', '2019-08-30', '081574115957', 'tes.jpg', 1, 8, 0),
(69, 171810433, 'ADRIAN FIRMANSYAH', 'L', 'TANGERANG', '2019-08-30', '08888888888', 'tes.jpg', 1, 8, 0),
(70, 171810434, 'AHMAD KHIYARUR ROSIHIN', 'L', 'Tangerang', '2019-08-30', '083891629039', 'tes.jpg', 1, 8, 0),
(71, 171810435, 'ALDI TAUFIK HIDAYAT', 'L', 'Tangerang', '2002-09-08', '082133778955', 'qaldi.jpeg', 1, 8, 0),
(72, 171810436, 'ANGGA ROHMANDA', 'L', 'Tangerang', '2019-08-30', '089668362221', 'tes.jpg', 1, 8, 0),
(73, 171810437, 'ARYA GIMNASTIAR', 'L', 'Tangerang', '2019-08-30', '085899279976', 'tes.jpg', 1, 8, 0),
(74, 171810438, 'BAGAS ADI PRASETYO', 'L', 'Brebes', '2019-08-30', '083872577167', 'tes.jpg', 1, 8, 0),
(75, 171810439, 'BUDIMAN SIDHARTA SLAMET', 'L', 'Tangerang', '2019-08-30', '087884018939', 'tes.jpg', 1, 8, 0),
(76, 171810440, 'DAFFAA RIFQY MAULANA ARINDA PUTRA', 'L', 'Magelang', '2001-05-11', '081316716688', 'tes.jpg', 1, 8, 0),
(77, 171810441, 'DITA RAHMANIA RAHAYU', 'P', 'Tangerang', '2019-08-30', '085718728384', 'tes.jpg', 1, 8, 0),
(78, 171810443, 'EVI', 'P', 'Tangerang', '2002-08-06', '085814167184', 'tes.jpg', 1, 8, 0),
(79, 171810444, 'FAUZIAH', 'P', 'Tangerang', '2001-04-12', '089618741058', 'tes.jpg', 1, 8, 0),
(80, 171810445, 'FIRDAUS', 'L', 'Tangerang', '2019-08-30', '0895411925266', 'FIRDAUS.jpeg', 1, 8, 0),
(81, 171810446, 'HANA ARISKA', 'P', 'Jepara', '2019-08-30', '08557803309', 'tes.jpg', 1, 8, 0),
(82, 171810447, 'HARISTIYADI', 'L', 'Tangerang', '2001-11-08', '083153537907', 'tes.jpg', 1, 8, 0),
(83, 171810448, 'HIAWATTA DARUSSALAM', 'L', 'Bekasi', '2002-09-05', '089697590553', 'tes.jpg', 1, 8, 0),
(84, 171810449, 'IKHFI ARZAKI', 'L', 'Jakarta', '2001-12-08', '085777904195', 'tes.jpg', 1, 8, 0),
(85, 171810450, 'JAINAL MARTIUS', 'L', 'Jakarta', '2002-05-03', '081384477332', 'tes.jpg', 1, 8, 0),
(86, 171810452, 'MAULANA ABDULLANA', 'L', 'Tangerang', '2002-05-05', '082122839089', 'tes.jpg', 1, 8, 0),
(87, 171810453, 'MOCHAMAD RIVALDI ADITYA MAHESA', 'L', 'Tangerang', '2002-02-09', '085695682927', 'tes.jpg', 1, 8, 0),
(88, 171810451, 'MUHAMAD BUHORI', 'L', 'Tangerang', '2019-08-30', '089691166113', 'tes.jpg', 1, 8, 0),
(89, 171810454, 'MUHAMMAD IKHSAN SAPUTRA', 'L', 'Jakarta', '2019-08-30', '088211295310', 'tes.jpg', 1, 8, 0),
(90, 171810455, 'MUHAMMAD RIFAI', 'L', 'Tangerang', '2002-09-03', '083872964865', 'tes.jpg', 1, 8, 0),
(91, 171810456, 'MUHAMMAD YUSUF GHIFFARY', 'L', 'Jakarta', '2003-09-06', '085694765125', 'tes.jpg', 1, 8, 0),
(92, 171810457, 'NURHALIMAH', 'P', 'Tangerang', '2019-08-30', '083896891285', 'tes.jpg', 1, 8, 0),
(93, 171810458, 'PUTRIAH', 'P', 'Tangerang', '2004-09-03', '0895332297904', 'tes.jpg', 1, 8, 0),
(94, 171810459, 'RAMADHANI ARI WARDANA', 'L', 'Klaten', '2019-08-30', '0855341652047', 'tes.jpg', 1, 8, 0),
(95, 171810460, 'RICO HABIB FAUZY', 'L', 'Tangerang', '2019-08-30', '081382883347', 'tes.jpg', 1, 8, 0),
(96, 171810461, 'RIKY KUSUMA', 'L', 'Jakarta', '2019-08-30', '08568471883', 'tes.jpg', 1, 8, 0),
(97, 171810462, 'ROSA TRI WINARNI', 'P', 'Tangerang', '2019-08-30', '087743057309', 'tes.jpg', 1, 8, 0),
(98, 171810464, 'SISKA MARSELA', 'P', 'Tangerang', '2019-08-30', '0895366728374', 'tes.jpg', 1, 8, 0),
(99, 171810465, 'SITI IDA ROYANI', 'P', 'Tangerang', '2019-08-30', '085775041030', 'tes.jpg', 1, 8, 0),
(100, 171810466, 'SITI NURAENI', 'P', 'Tangerang', '2019-08-30', '081392745505', 'tes.jpg', 1, 8, 0),
(101, 171810467, 'TRI KARISMA MULYANI', 'P', 'Jakarta', '2001-07-12', '085715522300', 'tes.jpg', 1, 8, 0),
(102, 171810794, 'VIO MAULANA SETIAWAN', 'L', 'Jakarta', '2019-08-30', '0895331967916', 'tes.jpg', 1, 8, 0),
(103, 171810468, 'ZAIDAN IBADURROHMAN', 'L', 'Tangerang', '2019-08-30', '085814311687', 'tes.jpg', 1, 8, 0),
(104, 171810325, 'ABDULLAH AZZAM', 'L', 'TANGERANG', '2002-03-10', '089661910749', 'azzam.jpeg', 1, 5, 1),
(105, 171810326, 'AGUSTIAR', 'L', 'TANGERANG', '2002-08-26', '085885953021', 'agustiar.jpeg', 1, 5, 1),
(106, 171810327, 'AHMAD ALFIN', 'L', 'TANGERANG', '2002-06-11', '0878923572', 'ALFIN.jpeg', 1, 5, 1),
(107, 171810328, 'AHMAD NUROFIK', 'L', 'TANGERANG', '2002-03-23', '083814387193', 'ROFIK.jpeg', 1, 5, 0),
(108, 171810329, 'ALFHI MUFTI ARIFIN', 'L', 'TANGERANG', '2003-01-22', '081293550710', 'ALFI.jpeg', 1, 5, 0),
(109, 171810330, 'ARDIANSYAH', 'L', 'TANGERANG', '2001-07-09', '088217732106', 'ARDI.jpeg', 1, 5, 0),
(110, 171810332, 'ARYANDRA IMAM ADANI', 'L', 'TANGERANG', '2002-04-13', '085710286040', 'AYANDRA.jpeg', 1, 5, 0),
(111, 171810333, 'BAGUS PUJASUMA RAMADHAN', 'L', 'TANGERANG', '2002-11-04', '085695695558', 'BAGUS.jpeg', 1, 5, 0),
(112, 171810334, 'CARLOS HENDRICO P', 'L', 'TANGERANG', '2002-07-13', '083894411587', 'CARLOS.jpeg', 1, 5, 0),
(113, 171810335, 'DAVID ARNOLD', 'L', 'JAKARTA', '2001-11-24', '085771228881', 'DAVID.jpeg', 1, 5, 0),
(114, 171810336, 'DITO AL HADAD MAULANA', 'L', 'JAKARTA', '2002-01-07', '085591406940', 'tes.jpg', 1, 5, 0),
(115, 171810337, 'FACHRUL YARANGGA ARDIANSYAH', 'L', 'WONOGIRI', '2002-06-05', '085779698510', 'FAHRULL.jpeg', 1, 5, 0),
(116, 171810338, 'FAZZA SADZALI', 'L', 'JAKARTA', '2002-09-24', '081517971143', 'tes.jpg', 1, 5, 0),
(117, 171810339, 'GALIH SABARNO PUTRA', 'L', 'JAKARTA', '2002-04-14', '081280451496', 'GALIH1.jpeg', 1, 5, 0),
(118, 171810340, 'HARY SETIABUDI', 'L', 'DEPOK', '2002-06-05', '085880829959', 'HARYY.jpeg', 1, 5, 0),
(119, 171810341, 'HIKMATUL FARHAN', 'P', 'TANGERANG', '2002-11-10', '089507437072', 'HIKMAHT.jpeg', 1, 5, 0),
(120, 171810342, 'ILHAM HEMAXTIAR RAMADHAN', 'L', 'JAKARTA', '2002-11-25', '081315359596', 'ILHAM.jpeg', 1, 5, 0),
(121, 171810343, 'KODRI', 'L', 'TANGERANG', '2001-06-05', '081413256465', 'KODRI.jpeg', 1, 5, 0),
(122, 171810344, 'M. DIMAS FAUZI KAUTSAR', 'L', 'JAKARTA', '2002-02-20', '087875538423', 'MDIMAS.jpeg', 1, 5, 0),
(123, 171810345, 'MAYRALDA MAULIDINA PUTRI', 'P', 'TANGERANG', '2002-05-30', '0882142911902', 'MAYLAD.jpeg', 1, 5, 0),
(124, 171810346, 'MOHAMAD RIFAN FAUZI', 'L', 'JAKARTA', '2001-12-20', '087774252167', 'MRIFAN.jpeg', 1, 5, 0),
(125, 171810347, 'MUHAMMAD KODIR', 'L', 'TANGERANG', '2001-11-15', '085775026640', 'KODIRE.jpeg', 1, 5, 0),
(126, 171810348, 'MUHAMMAD RIFALDI', 'L', 'TANGERANG', '2004-02-25', '085714327525', 'MRIFALD.jpeg', 1, 5, 0),
(127, 171810349, 'NURUL HAYATUL MA\'TIAH', 'P', 'TANGERANG', '2002-02-25', '0895330410768', 'NURUL.jpeg', 1, 5, 0),
(128, 171810350, 'RAHMAD NUR HIDAYAT', 'L', 'TANGERANG', '2002-05-19', '082122304005', 'RAHMAD.jpeg', 1, 5, 0),
(129, 171810351, 'RANI TUTI SUSILAWATI', 'P', 'TANGERANG', '2002-03-06', '083894552150', 'RANI.jpeg', 1, 5, 0),
(130, 171810352, 'RIDWAN MAULANA', 'L', 'TANGERANG', '2019-08-30', '08888888888', 'tes.jpg', 1, 5, 0),
(131, 171810353, 'RISKI HIDAYAT', 'L', 'TANGERANG', '2002-06-10', '081513846711', 'RIZKII.jpeg', 1, 5, 0),
(132, 171810354, 'ROZA FITRIA NUR SABAR', 'P', 'TANGERANG', '2002-03-28', '083897446275', 'ROZAA.jpeg', 1, 5, 0),
(133, 171810355, 'SANDI', 'L', 'TANGERANG', '2002-09-29', '08551294956', 'SANDIO.jpeg', 1, 5, 0),
(134, 171810356, 'SITI ALAWIYAH', 'P', 'TANGERANG', '2003-04-16', '085714327603', 'SIALAW.jpeg', 1, 5, 0),
(135, 171810357, 'SITI KHOLIPAH', 'P', 'TANGERANG', '2001-10-31', '085714969820', 'SHOLIPAH.jpeg', 1, 5, 0),
(136, 171810358, 'SOLEH', 'L', 'TANGERANG', '2000-07-27', '089647690662', 'tes.jpg', 1, 5, 0),
(137, 171810359, 'VEREN APRILIA', 'P', 'TANGERANG', '2002-04-25', '081289186713', 'VEREN.jpeg', 1, 5, 0),
(138, 171810360, 'YONGKI SAPUTRA', 'L', 'TANGERANG', '2019-08-30', '08888888888', 'tes.jpg', 1, 5, 0),
(256, 123456, 'ANI MULYANA', 'L', 'BANDUNG', '2001-10-20', '05874693556', 'tes.jpg', 1, 5, 1),
(257, 181910289, 'AGUNG PRASETYO HADI', 'L', 'JAKARTA', '2003-07-03', '085603531140', 'AGUNG PRASETYO.jpeg', 1, 4, 0),
(258, 181910290, 'ALFIAN ADI CANDRA', 'L', 'TANGERANG', '2003-02-20', '08551961911', 'ALFIAN.jpeg', 1, 4, 0),
(259, 181910291, 'ARYA YUDHA', 'L', 'TANGERANG', '2003-12-22', '081413255979', 'ARYA.jpeg', 1, 4, 0),
(260, 181910293, 'DANA SAPUTRA', 'L', 'LEBAK', '2004-11-05', '083890289284', 'tes.jpg', 1, 4, 0),
(261, 181910295, 'DENNY RAVAVI WELSEN', 'L', 'TANGERANG', '2003-09-22', '085780945766', 'ARYA.jpeg', 1, 4, 0),
(262, 181910296, 'DESTI LIANI SAFITRI', 'P', 'TANGERANG', '2002-12-12', '083897671993', 'DESTI.jpeg', 1, 4, 0),
(263, 181910292, 'BAGAS SAPUTRA', 'L', 'TANGERANG', '2003-02-01', '083813569484', 'BAGAS.jpeg', 1, 4, 0),
(264, 181910298, 'DWIKY ARYA ADIPUTRA', 'L', 'TANGERANG', '2002-10-07', '085287387228', 'DWIKY.jpeg', 1, 4, 0),
(265, 181910297, 'DISA MELANIE', 'P', 'TASIKMALAYA', '2002-12-22', '085692335002', 'DISA MELANIE.jpeg', 1, 4, 0),
(266, 181910301, 'FERDI HERMANTO', 'L', 'TANGERANG', '2002-08-08', '0895330626802', 'FERDI HERMANTO.jpeg', 1, 4, 0),
(267, 181910299, 'FAIZA DZAQY YUWONO', 'L', 'TANGERANG', '2003-07-11', '0895411743675', 'FAIZA.jpeg', 1, 4, 0),
(268, 181910303, 'GENTA LAKSAMANA PUTRA', 'L', 'JAKARTA', '2002-10-02', '081282537551', 'GENTA LAKSAMANA PUTRA.jpeg', 1, 4, 0),
(269, 181910304, 'HAMIM IBRAHIM', 'L', 'TANGERANG', '2002-01-26', '085695682925', 'HAMIM.jpeg', 1, 4, 0),
(270, 181910302, 'FITRI YUNANI', 'P', 'TANGERANG', '2003-12-08', '081574058965', 'FITRIY.jpeg', 1, 4, 0),
(271, 181910305, 'INDAH SARI', 'P', 'TANGERANG', '2002-11-06', '085715948716', 'INDAH.jpeg', 1, 4, 0),
(272, 181910308, 'MUHAMAD ALIF', 'L', 'TANGERANG', '2003-01-25', '085719297339', 'ALIF.jpeg', 1, 4, 0),
(273, 181910310, 'MUHAMMAD GIBRAN IBRAHIM', 'L', 'TANGERANG', '2003-08-11', '0895328096949', 'GIBRAN.jpeg', 1, 4, 0),
(274, 181910306, 'LIA DWI HIDAYATI', 'P', 'TANGERANG', '2003-06-30', '089668866390', 'LIAH.jpeg', 1, 4, 0),
(275, 181910311, 'RAFLY FADLY YUSRI', 'L', 'TANGERANG', '2003-09-11', '085814466829', 'RAFLY.jpeg', 1, 4, 0),
(276, 181910315, 'RIZKI ALBI INDRAWAN', 'L', 'JAKARTA', '2003-05-22', '08998771729', 'ALBI.jpeg', 1, 4, 0),
(277, 181910317, 'SAHRIL', 'L', 'TANGERANG', '2004-02-19', '085591643156', 'SAHRIL.jpeg', 1, 4, 0),
(278, 181910313, 'RIFKY IRFAN PRAMUDYA', 'L', 'KLATEN', '2003-01-21', '085887175069', 'AGUNG PRASETYO.jpeg', 1, 4, 0),
(279, 181910318, 'SAM WAHYUDI', 'L', 'JAKARTA', '2003-06-29', '083805436003', 'AGUNG PRASETYO.jpeg', 1, 4, 0),
(280, 181910320, 'SITI BARKAH SALAMIAH', 'L', 'TANGERANG', '2002-11-13', '085813780027', 'AGUNG PRASETYO.jpeg', 1, 4, 0),
(281, 181910321, 'SITI FATIMATUL JAHROH', 'L', 'PANDEGLANG', '2002-10-21', '087784833972', 'DISA MELANIE.jpeg', 1, 4, 0),
(282, 181910322, 'SRI MAWAR RIYANTI', 'P', 'TANGERANG', '2004-03-14', '089514363397', 'DISA MELANIE.jpeg', 1, 4, 0),
(283, 181910324, 'SYANADHI MAJID', 'L', 'TANGERANG', '2002-10-08', '081574662440', 'SYANADHI.jpeg', 1, 4, 0),
(284, 181910314, 'RIO PUTRA PRATAMA', 'L', 'TANGERANG', '2002-10-09', '0857732391036', 'RIOOOO.jpeg', 1, 4, 0),
(285, 181910325, 'PANDU BASHIR', 'L', 'TANGERANG', '2003-07-17', '085718781971', 'PANDU.jpeg', 1, 4, 0),
(286, 181910323, 'SRI WAHYUNI', 'P', 'TANGERANG', '2002-09-24', '0895636967465', 'SRI WAHYUNI.jpeg', 1, 4, 0),
(287, 181910294, 'DAVID KHOLIK', 'L', 'TANGERANG', '2003-05-07', '0895364853474', 'DAVID.jpeg', 1, 4, 0),
(288, 181910312, 'REKSA ALEN HIDAYAT', 'L', 'TANGERANG', '2003-06-17', '089507404886', 'REKSA.jpeg', 1, 4, 0),
(289, 181910316, 'RIZKY NUR RAMADHAN', 'L', 'TANGERANG', '2002-11-29', '085770552182', 'RIZKY.jpeg', 1, 4, 0),
(290, 181910866, 'ERLANGGA', 'L', 'TANGERANG', '2002-10-12', '085710360005', 'tes.jpg', 1, 4, 0);

-- --------------------------------------------------------

--
-- Table structure for table `tugas`
--

CREATE TABLE `tugas` (
  `id` int(11) NOT NULL,
  `nama_guru` varchar(50) NOT NULL,
  `kelas_id` int(11) NOT NULL,
  `tugas` text NOT NULL,
  `file` varchar(50) DEFAULT NULL
) ENGINE=InnoDB DEFAULT CHARSET=latin1;

--
-- Dumping data for table `tugas`
--

INSERT INTO `tugas` (`id`, `nama_guru`, `kelas_id`, `tugas`, `file`) VALUES
(2, 'Ahmad Muhaimi,S.kom', 6, '<p>BUATLAH KONFIGURASI BERIKUT :</p>\r\n\r\n<p>1. ETHER2 = PC&nbsp;IP = 192.168.100.30/24</p>\r\n\r\n<p>2. EHHER3 = LAB 1 IP = 192.168.29.254/24</p>\r\n\r\n<p>3. ETHER4 = LAB 2&nbsp;IP = 192.168.30.254/24</p>\r\n\r\n<p>4. ETHER5 = LAB 3IP = 192.168.31.254/24</p>\r\n\r\n<p><span dir=\"rtl\">BUATLAH AKUN UNTUK MASUK KE MASING&quot; ETHER TERSEBUT !!</span></p>', '0'),
(3, 'Ahmad Muhaimi,S.kom', 5, '<p>ABSENSI BERLAKU BUALN SEPTEMBER 2019&nbsp; &nbsp;&nbsp;</p>', '0'),
(4, 'Ahmad Muhaimi,S.kom', 8, '<p>ABSEN AKAN MULAI PADA BUALN DESEMBER</p>', '0');

-- --------------------------------------------------------

--
-- Table structure for table `users`
--

CREATE TABLE `users` (
  `id` int(10) UNSIGNED NOT NULL,
  `name` varchar(191) COLLATE utf8mb4_unicode_ci NOT NULL,
  `email` varchar(191) COLLATE utf8mb4_unicode_ci NOT NULL,
  `email_verified_at` timestamp NULL DEFAULT NULL,
  `password` varchar(191) COLLATE utf8mb4_unicode_ci NOT NULL,
  `remember_token` varchar(100) COLLATE utf8mb4_unicode_ci DEFAULT NULL,
  `created_at` timestamp NULL DEFAULT NULL,
  `updated_at` timestamp NULL DEFAULT NULL
) ENGINE=InnoDB DEFAULT CHARSET=utf8mb4 COLLATE=utf8mb4_unicode_ci;

--
-- Dumping data for table `users`
--

INSERT INTO `users` (`id`, `name`, `email`, `email_verified_at`, `password`, `remember_token`, `created_at`, `updated_at`) VALUES
(1, 'Admin PTIPD', 'admin@tkj.id', NULL, '$2y$12$mYLcZbcFT7GfN1ypUyOUiu6xiLxGC71oRnZBCwaoJ3PPGNGZ94yoG', 'ednuwmrMP5C9RLWolR1zzNJIK4d9ho6iRZVuhENyQmePRphqrWCGdbw8L9aX', '2019-08-08 03:52:56', '2019-08-08 03:52:56'),
(2, 'bos', 'kabartkj@gmail.com', NULL, '$2y$12$LKP1vky8vgpaxBW0EsBkPuVXyxa78YgA7y0RP7TavvQjiHmhtxU5K', NULL, NULL, NULL);

--
-- Indexes for dumped tables
--

--
-- Indexes for table `absenguru`
--
ALTER TABLE `absenguru`
  ADD PRIMARY KEY (`id`);

--
-- Indexes for table `absens`
--
ALTER TABLE `absens`
  ADD PRIMARY KEY (`id`);

--
-- Indexes for table `guru`
--
ALTER TABLE `guru`
  ADD PRIMARY KEY (`id`);

--
-- Indexes for table `info`
--
ALTER TABLE `info`
  ADD PRIMARY KEY (`id`);

--
-- Indexes for table `jurusan`
--
ALTER TABLE `jurusan`
  ADD PRIMARY KEY (`id`);

--
-- Indexes for table `kelas`
--
ALTER TABLE `kelas`
  ADD PRIMARY KEY (`id`);

--
-- Indexes for table `migrations`
--
ALTER TABLE `migrations`
  ADD PRIMARY KEY (`id`);

--
-- Indexes for table `password_resets`
--
ALTER TABLE `password_resets`
  ADD KEY `password_resets_email_index` (`email`);

--
-- Indexes for table `piket`
--
ALTER TABLE `piket`
  ADD PRIMARY KEY (`id`);

--
-- Indexes for table `siswa`
--
ALTER TABLE `siswa`
  ADD PRIMARY KEY (`id`);

--
-- Indexes for table `tugas`
--
ALTER TABLE `tugas`
  ADD PRIMARY KEY (`id`);

--
-- Indexes for table `users`
--
ALTER TABLE `users`
  ADD PRIMARY KEY (`id`),
  ADD UNIQUE KEY `users_email_unique` (`email`);

--
-- AUTO_INCREMENT for dumped tables
--

--
-- AUTO_INCREMENT for table `absenguru`
--
ALTER TABLE `absenguru`
  MODIFY `id` int(11) NOT NULL AUTO_INCREMENT, AUTO_INCREMENT=3;

--
-- AUTO_INCREMENT for table `absens`
--
ALTER TABLE `absens`
  MODIFY `id` int(10) UNSIGNED NOT NULL AUTO_INCREMENT, AUTO_INCREMENT=279;

--
-- AUTO_INCREMENT for table `guru`
--
ALTER TABLE `guru`
  MODIFY `id` int(11) NOT NULL AUTO_INCREMENT, AUTO_INCREMENT=6;

--
-- AUTO_INCREMENT for table `info`
--
ALTER TABLE `info`
  MODIFY `id` int(11) NOT NULL AUTO_INCREMENT, AUTO_INCREMENT=3;

--
-- AUTO_INCREMENT for table `jurusan`
--
ALTER TABLE `jurusan`
  MODIFY `id` int(11) NOT NULL AUTO_INCREMENT, AUTO_INCREMENT=2;

--
-- AUTO_INCREMENT for table `kelas`
--
ALTER TABLE `kelas`
  MODIFY `id` int(11) NOT NULL AUTO_INCREMENT, AUTO_INCREMENT=9;

--
-- AUTO_INCREMENT for table `migrations`
--
ALTER TABLE `migrations`
  MODIFY `id` int(10) UNSIGNED NOT NULL AUTO_INCREMENT, AUTO_INCREMENT=6;

--
-- AUTO_INCREMENT for table `piket`
--
ALTER TABLE `piket`
  MODIFY `id` int(11) NOT NULL AUTO_INCREMENT, AUTO_INCREMENT=13;

--
-- AUTO_INCREMENT for table `siswa`
--
ALTER TABLE `siswa`
  MODIFY `id` int(11) NOT NULL AUTO_INCREMENT, AUTO_INCREMENT=291;

--
-- AUTO_INCREMENT for table `tugas`
--
ALTER TABLE `tugas`
  MODIFY `id` int(11) NOT NULL AUTO_INCREMENT, AUTO_INCREMENT=5;

--
-- AUTO_INCREMENT for table `users`
--
ALTER TABLE `users`
  MODIFY `id` int(10) UNSIGNED NOT NULL AUTO_INCREMENT, AUTO_INCREMENT=3;
COMMIT;

/*!40101 SET CHARACTER_SET_CLIENT=@OLD_CHARACTER_SET_CLIENT */;
/*!40101 SET CHARACTER_SET_RESULTS=@OLD_CHARACTER_SET_RESULTS */;
/*!40101 SET COLLATION_CONNECTION=@OLD_COLLATION_CONNECTION */;
